,Book Author,Book Owner,Book Title,Publication Year
0,Louisa May Alcott,Ernest Hemingway,Under the lilacs,1893
1,[N.auth],Ernest Hemingway,Birds in natural colors: a monthly serial [bound edition],1899
2,Samuel White Baker,Ernest Hemingway,"The Albert N'Yanza, great basin of the Nile and explorations of the Nile sources",1874
3,Samuel White Baker,Ernest Hemingway,"The Albert N'Yanza, great basin of the Nile and explorations of the Nile sources",1867
4,Samuel White Baker,Ernest Hemingway,"Ismailïa: a narritive of the expedition to central Africa for the suppression of the slave trade. Organized by Ismail,",1875
5,Samuel White Baker,Ernest Hemingway,The rifle and the hound in Ceylon,1890
6,Samuel White Baker,Ernest Hemingway,"Wild beasts and their ways: reminiscences of Europe, Asia, Africa, and America",1891
7,William Charles Baldwin,Ernest Hemingway,"African hunting and adventure from Natal to the Zambesi, including Lake Ngami, the Kalahari desert, & etc. from 1851 to",1863
8,Maturin Murray Ballou,Ernest Hemingway,"History of Cuba; or, notes of a traveller in the tropics, being a political, historical, and statistical account of the",1854
9,Honoré de Balzac,Ernest Hemingway,Oeuvres complètes - Vol. 1: La maison de chat-qui-pelote. La bal de Sceaux. La bourse. La vendetta.,1891
10,Honoré de Balzac,Ernest Hemingway,"Oeuvres complètes - Vol. 2: La fausse maîtress. Le paix du ménage. Etude de femme. Autre étude de femme, la Grande B",1891
11,Honoré de Balzac,Ernest Hemingway,Oeuvres complètes - Vol. 4: La femme de trente ans. La femme abandonée.,1891
12,Honoré de Balzac,Ernest Hemingway,Oeuvres complètes - Vol. 6: Modeste Mignon.,1891
13,Honoré de Balzac,Ernest Hemingway,Oeuvres complètes - Vol. 7: Béatrix,1891
14,Honoré de Balzac,Ernest Hemingway,Oeuvres complètes - Vol. 8: Le colonel Chabert. Honorine.,1891
15,Honoré de Balzac,Ernest Hemingway,Oeuvres complètes - Vol. 10: Un début dans la vie. Madame Firmani. Le message. Le messe de l'athée.,1891
16,Honoré de Balzac,Ernest Hemingway,Oeuvres complètes - Vol. 12: Ursule Mirouet.,1891
17,Honoré de Balzac,Ernest Hemingway,Oeuvres complètes - Vol. 13: Eugénie Grandet.,1891
18,Honoré de Balzac,Ernest Hemingway,Oeuvres complètes - Vol. 15: Les célibataires: Un ménage de garçon [La Rabouilleuse].,1891
19,Honoré de Balzac,Ernest Hemingway,Oeuvres complètes - Vol. 16: L'illustre Caudissart. La muse du département.,1891
20,Honoré de Balzac,Ernest Hemingway,Oeuvres complètes - Vol. 18: Le lys dans la vallée.,1891
21,Honoré de Balzac,Ernest Hemingway,"Oeuvres complètes - Vol. 19: Illusions perdues, I. Les delix poètes. Un grand homme de province à Paris.",1891
22,Honoré de Balzac,Ernest Hemingway,"Oeuvres complètes - Vol. 20: Illusions perdues, II. Un grand homme de province à Paris (suite).",1891
23,Honoré de Balzac,Ernest Hemingway,Oeuvres complètes - Vol. 22: Splendeurs et misères des courtisanes. I. Comment aiment les filles.,1891
24,Honoré de Balzac,Ernest Hemingway,Oeuvres complètes - Vol. 26: La maison Nucingen. Les secrets de la princess de Cadignan Sarrazine. Facino Cane. Un hom,1892
25,Honoré de Balzac,Ernest Hemingway,Oeuvres complètes - Vol. 27: Les employés. Un prince de la Bohème. Gaudissart II. Pierre Grassou.,1892
26,Honoré de Balzac,Ernest Hemingway,Oeuvres complètes - Vol. 29: Les parents pauvres: Le cousin Pons.,1892
27,Honoré de Balzac,Ernest Hemingway,Oeuvres complètes - Vol. 30: Les petits bourgeouis (part I).,1892
28,Honoré de Balzac,Ernest Hemingway,Oeuvres complètes - Vol. 34: Le désputé d'Arcis (part I).,1892
29,Honoré de Balzac,Ernest Hemingway,Oeuvres complètes - Vol. 41: La recherche de l'absolu.,1892
30,Honoré de Balzac,Ernest Hemingway,Oeuvres complètes - Vol. 42: Séraphita. Jesus-Christ en Flandre. Melmoth reconcilié. L'élixir de longue vie.,1892
31,Honoré de Balzac,Ernest Hemingway,Oeuvres complètes - Vol. 43: Louis Lambert. Les proscrits. Adieu. Le réquisitionnaire. El verdugo.,1892
32,William Garden Blaikie,Ernest Hemingway,The personal life of David Livingstone... chiefly from his unpublished journals and correspondence in the possession of,1881
33,Honoré de Balzac,Ernest Hemingway,Oeuvres complètes - Vol. 44: Le chef-d'oeuvre inconnu. Les Marana. Un drame au bord de la mer. L'auberge rouge. Maître,1892
34,Honoré de Balzac,Ernest Hemingway,Oeuvres complètes - Vol. 45: L'enfant maudit. Gambara. Massimilla Doni.,1892
35,Honoré de Balzac,Ernest Hemingway,Oeuvres complètes - Vol. 46: Sur Catherine de Médicis. I. Le martyr calviniste. II. La confidence des Ruggieri. III. L,1892
36,Honoré de Balzac,Ernest Hemingway,Oeuvres complètes - Vol. 47: Physiologie du mariage.,1892
37,Honoré de Balzac,Ernest Hemingway,Oeuvres complètes - Vol. 48: Petites misères de la vie conjugale,1892
38,Vicente Blasco Ibáñez,Ernest Hemingway,Arroz y tartana: novela,1894
39,Vincente Blasco Ibáñez,Ernest Hemingway,La barraca: novela,1898
40,Charles Boner,Ernest Hemingway,Chamois hunting in the mountains of Bavaria and in the Tyrol,1860
41,Henry Walter Bates,Ernest Hemingway,"The naturalist on the river Amazons. A record of adventures, habits of animals, sketches of Brazilian and Indian life",1864
42,Stephen Bonsal,Ernest Hemingway,"The fight for Santiago: the story of the soldier in the Cuban campaign, from Tampa to the surrender",1899
43,Charles Baudelaire,Ernest Hemingway,Les fleurs du mal,1894
44,Robert Browning,Ernest Hemingway,The complete poetic and dramatic works of Robert Browning,1895
45,Peter Henry Emerson,Ernest Hemingway,"Caóba, the guerilla chief: a real romance of the Cuban rebellion",1897
46,Abel Chapman,Ernest Hemingway,"Wild Spain ... records of sport with rifle, rod, and gun, natural history and exploration",1893
47,G. A. Henty,Ernest Hemingway,Beric the Briton; a story of the Roman invasion,1893
48,G. A. Henty,Ernest Hemingway,True to the old flag; a tale of the American War of Independence,1896
49,Henry William Herbert,Ernest Hemingway,"The complete manual for young sportsmen: with directions for handling the gun, the rifle, and the rod",1857
50,Henry William Herbert,Ernest Hemingway,Frank Forester's fish and fishing of the United States and British provinces of North America,1864
51,Louis Figuier,Ernest Hemingway,The world before the deluge,1867
52,Grover Flint,Ernest Hemingway,"Marching with Gomez: a war correspondent's field note-book, kept during four months with the Cuban army",1898
53,John Cunningham Kelton,Ernest Hemingway,A new manual of the bayonet for the army and militia of the United States,1861
54,William Forsyth,Ernest Hemingway,History of the captivity of Napoleon at St. Helena; from the letters and journals of the late Lieut.-Gen. Sir Hudson Low,1853
55,Théophile Gautier,Ernest Hemingway,Ménagerie intime,1869
56,Jules Gérard,Ernest Hemingway,La chasse au lion,1874
57,Willard Glazier,Ernest Hemingway,Down the great river; embracing an account of the discovery of the true source of the Mississippi,1893
58,Thomas Hughes,Ernest Hemingway,Tom Brown's school days,1858
59,baron de Jean Baptiste Antoine Marcelin Marbot,Ernest Hemingway,The memoirs of Baron de Marbot: late lieutenant-general in the French army,1892
60,Mary Orvis Marbury,Ernest Hemingway,Favorite flies and their histories,1892
61,Richard Markham,Ernest Hemingway,"Colonial days : being stories and ballads for young patriots as recounted by five boys and five girls in ""Around the Yule Log"", ""Aboard the Mavis"", ""On the Edge of Winter""",1881
62,Frederick Marryat,Ernest Hemingway,Capt. Marryat's works,1898
63,Ulysses Simpson Grant,Ernest Hemingway,Personal memoirs,1885
64,William Wellington Greener,Ernest Hemingway,"The gun and its development, with notes on shooting",1881
65,James Greenwood,Ernest Hemingway,Wild sports of the world: a book of natural history and adventure,1880
66,Charles John Andersson,Ernest Hemingway,"Lake Ngami, or, Explorations and discoveries during four years' wanderings in the wilds of South Western Africa",1856
67,[N.auth],Ernest Hemingway,"Guía para los viajeros de los ferrocarriles de España, Francia y Portugal y delos servicios maritímos",1881
68,[N.auth],Ernest Hemingway,The habits of good society: a handbook for ladies and gentlemen,1868
69,Thomas Chandler Haliburton,Ernest Hemingway,The clockmaker: sayings and doings of Samuel Slick of Slickville,1872
70,Helen Harcourt,Ernest Hemingway,Florida fruits and how to raise them,1886
71,John Franklin Cowan,Ernest Hemingway,The jo-boat boys,1891
72,Pascual Millán,Ernest Hemingway,La Escuela de tauromaquia de Sevilla y el toreo moderno,1887
73,Pascual Millán,Ernest Hemingway,Los toros en Madrid: estudio histórico,1890
74,Pascual Millán,Ernest Hemingway,Los novillos: estudio histórica,1892
75,Member of the Order of the Holy Cross,Ernest Hemingway,"The Book of oratory: Compiled for the use of colleges, academies, and the higher classes of select and parish schools",1871
76,Henry James,Ernest Hemingway,The American,1877
77,Stephen Crane,Ernest Hemingway,Pictures of war,1898
78,Joseph E. Johnston,Ernest Hemingway,"Narrative of military operations, directed, during the late war between the states",1874
79,Frederick Sleigh Roberts,Ernest Hemingway,Forty-one years in India: from subaltern to commander-in-chief,1898
80,Albert William Money,Ernest Hemingway,Pigeon shooting,1896
81,Julia Kavanagh,Ernest Hemingway,Queen Mab,1864
82,Elizabeth Bacon Custer,Ernest Hemingway,"Tenting on the plains: or, General Custer in Kansas and Texas",1887
83,Richard Henry Dana Jr.,Ernest Hemingway,To Cuba and back. A vacation voyage,1859
84,Dante Alighieri,Ernest Hemingway,The divine comedy,1895
85,Henry Zouch Darrah,Ernest Hemingway,Sport in the highlands of Kashmir,1898
86,Robert Barnwell Roosevelt,Ernest Hemingway,"Superior fishing; or, The striped bass, trout, black bass, and blue-fish of the northern states",1884
87,Richard Harding Davis,Ernest Hemingway,The Cuban and Porto Rican campaigns,1898
88,Daniel Defoe,Ernest Hemingway,Roxana,1881
89,Charles Dickens,Ernest Hemingway,Pictures from Italy and American notes for general circulation,1859
90,Alexandre Dumas,Ernest Hemingway,Man in the iron mask. A historical romance,1892
91,George Louis Palmella Busson Du Maurier,Ernest Hemingway,"Petter Ibbetson, with an introduction by his cousin Lady ***** (""Madge Plunket"")",1891
92,Edmond Rostand,Ernest Hemingway,Cyrano de Bergerac: comédie héroïque en cinq actes,1899
93,William Howard Russell,Ernest Hemingway,The British expedition to the Crimea,1858
94,José Sánchez de Neira,Ernest Hemingway,"Gran diccionario taurómaco; comprende todas las voces técnicas conocidas en el arte; origen, historia, influencia en l",1896
95,José Sánchez de Neira,Ernest Hemingway,El toreo : gran diccionario tauromáquico. Comprende todas las voces técnicas conocidas en el arte; arte de torear,1879
96,George P. Sanderson,Ernest Hemingway,Thirteen years among the wild beasts of India: their haunts and habits from personal observations,1879
97,Mrs. D. P. Sanford,Ernest Hemingway,Pussy tip-toes' family: a story for our little girls and boys,1875
98,Harriet Beecher Stowe,Ernest Hemingway,Agnes of Sorrento,1862
99,Henri Émile Sauvage,Ernest Hemingway,La Grande Pêche (Les Poissons),1891
100,Joseph Strutt,Ernest Hemingway,"The sports and pastimes of the people of England; including the rural and domestic recreations, May games, mummeries, sh",1876
101,Frederick Courteney Selous,Ernest Hemingway,A hunter's wanderings in Africa : being a narrative of nine years spent amongst the game of the far interior of South Africa,1881
102,Frederick Courteney Selous,Ernest Hemingway,Travel and adventure in South-East Africa,1893
103,William Shakespeare,Ernest Hemingway,The complete works of Shakespeare,1887
104,Léon Sonrel,Ernest Hemingway,Le fond de la mer,1868
105,Maurice Thompson,Ernest Hemingway,"The boys' book of sports, and outdoor life",1886
106,Hugh Murray,Ernest Hemingway,"History of British India, continued to the year 1856",1867
107,Arthur Bowen Richards Myers,Ernest Hemingway,"Life with the Hamran Arabs: an account of a sporting tour of some officers of the guards in the Soudan, during the winter of 1874-5",1876
108,Arthur H. Neumann,Ernest Hemingway,"Elephant-hunting in East Equatorial Africa; being an account of three years' ivory-hunting under Mount Kenia and among the Ndorobo savages of the Lorogi Mountains, including a trip to the north end of Lake Rudolph",1898
109,Cornelius Tongue,Ernest Hemingway,"Records of the chase, and memoirs of celebrated sportsmen; illustrating some of the usages of olden times, and comparing",1854
110,Albion Winegar Tourgée,Ernest Hemingway,Figs and thistles: a romance of the Western Reserve,1879
111,Anthony Trollope,Ernest Hemingway,North America,1862
112,José Velázquez y Sanchez,Ernest Hemingway,Anales del toreo: Reseña histórica de la lidia de reses bravas y galería biográfica de los principales lidiadores,1873
113,Eugène Emmanuel Viollet-le-Duc,Ernest Hemingway,Annals of a fortress,1875
114,Alfred Russel Wallace,Ernest Hemingway,"A narrative of travels on the Amazon and Rio Negro, with an account of the native tribes, and observations on the climate, geology and natural history of the Amazon valley",1889
115,Thomas De Gray Walsingham,Ernest Hemingway,Shooting,1887
116,Gilbert White,Ernest Hemingway,The natural history of Selborne; with observations on various parts of nature; and the naturalist's calendar,1854
117,Clive Phillipps Wolley,Ernest Hemingway,Big game shooting,1894
118,Leroy Milton Yale,Ernest Hemingway,Angling,1897
119,Henry Sweet   ,Ezra Pound,"An Anglo-Saxon reader in prose and verse: with grammar, metre, notes and glossary",1898
120,Aristophanes   ,Ezra Pound,Aristophanis comoediae,1866
121,Amedeo Soresina   ,Ezra Pound,"Banco giro di Venezia, Il",1889
122,George Haven Putnam   ,Ezra Pound,Books and Their Makers During the Middle Ages ; a study of the conditions of the production and distribution of literatu,1898
123,G. Pauthier   ,Ezra Pound,"Chine moderne, ou description historique, géographique et littéraire de ce vaste empire, d'après des documents chinoi",1853
124,Benjamin Godard   ,Ezra Pound,Dante: Opéra en quatre actes,1890
125,Sextus Propertius   ,Ezra Pound,"Sex. Propertii Elegiae, recensvit Lvcianvs Mveller",1898
126,W. J. Linton   ,Ezra Pound,English verse,1883
127,François Rabelais   ,Ezra Pound,François Rabelais; tout ce qui existe de ses œuvres: Gargantua--Pantagruel--Pantagrueline prognostication--almanachs--,1881
128,Theodor Hertzka   ,Ezra Pound,Freeland: a social anticipation,1891
129,Albert Schwegler   ,Ezra Pound,Handbook of the history of philosophy,1872
130,Robert Herrick   ,Ezra Pound,The Hesperides & Noble numbers,1891
131,Alexander Del Mar   ,Ezra Pound,History of monetary systems: a record of actual experiments in money made by various states of the ancient and modern wo,1895
132,Edward Gibbon   ,Ezra Pound,The history of the decline and fall of the Roman empire,1855
133,James Boswell   ,Ezra Pound,"Johnsoniana: Anecdotes of the Late Samuel Johnson, LL.D. By Mrs. Piozzi, Richard Cumberland and Bishop Percy and Others",1884
134,Algernon Charles Swinburne   ,Ezra Pound,"Laus Veneris, and other poems and ballads",1866
135,James Boswell   ,Ezra Pound,"The life of Samuel Johnson, LL. D. Together with The journal of a tour to the Hebrides",1884
136,Marcenus R. K. Wright   ,Ezra Pound,"The moral aphorisms and terseological teachings of Confucius, the sapient Chinese philosopher ...: to which is added a",1870
137,Sir Thomas Malory   ,Ezra Pound,The noble and joyous history of King Arthur,1892
138,Plutarch   ,Ezra Pound,Plutarch's lives,1899
139,Algernon Charles Swinburne   ,Ezra Pound,Poems and ballads: [second series],1878
140,John Donne   ,Ezra Pound,Poems of John Donne,1896
141,Horace   ,Ezra Pound,Quinti Horatii Flacci Opera omnia,1858
142,Walter Besant   ,Ezra Pound,Rabelais,1879
143,[N.auth]   ,Ezra Pound,The Sacred books of China: the texts of Confucianism,1899
144,Alexander Del Mar   ,Ezra Pound,The science of money,1896
145,George Santayana   ,Ezra Pound,The sense of beauty; being the outline of aesthetic theory,1896
146,Ida Farnell   ,Ezra Pound,The lives of the troubadours,1896
147,Arthur Galton   ,Ezra Pound,"Urbana Scripta: Studies of Five Living Poets, and Other Essays",1885
148,Allen Upward   ,Ezra Pound,Songs in Ziklag,1888
149,Pietro Rota   ,Ezra Pound,Storia delle banche,1874
150,Songling Pu   ,Ezra Pound,Strange stories from a Chinese studio,1880
151,Walter Pater   ,Ezra Pound,Studies in the history of the renaissance,1873
152,Alexander Angus Airlie Kinloch,Ernest Hemingway,"Large game shooting in Thibet, the Himalayas, and northern India",1885
153,Dante   ,Ezra Pound,Tutte le opere di Dante Alighieri,1897
154,Rudyard Kipling,Ernest Hemingway,Many inventions,1899
155,Rudyard Kipling,Ernest Hemingway,The works of Rudyard Kipling,1899
156,Henry Wadsworth Longfellow,Ernest Hemingway,The song of Hiawatha,1899
157,Juan Gualberto (conde de las Navas) López-Valdemoro y de Quesada,Ernest Hemingway,El espectáculo más nacional,1899
158,Ladislao Redondo,Ernest Hemingway,"Guerrita, su tiempo y su retirada",1899
159,Henri Marie Pierre René Moullin de La Blanchère,Ernest Hemingway,La pêche et les poissons; nouveau dictionnaire général des pêches,1868
160,Don Ildephonse Lanslots,Ernest Hemingway,Illustrated explanation of the prayers and ceremonies of the Mass,1897
161,W. M. L. Jay,Ernest Hemingway,My winter in Cuba,1871
162,William Edward Hartpole Lecky,Ernest Hemingway,History of European morals from Augustus to Charlemagne,1877
163,Thaddeus Norris,Ernest Hemingway,"The American angler's book: embracing the natural history of sporting fish, and the art of taking them",1864
164,George Bronson Rea,Ernest Hemingway,Facts and fakes about Cuba,1897
165,Ladislao Redondo,Ernest Hemingway,Guerrita: Su tiempo y su retirada,1899
166,Antonio Peña y Goñi,Ernest Hemingway,Guerrita,1894
167,Antonio Peña y Goñi,Ernest Hemingway,Lagartijo y Frascuelo y su tiempo,1887
168,Daniel Perea,Ernest Hemingway,A los toros: album compuesto de 28 acuarelas originales del reputado pintor de escenas taurinas,1895
169,Alejandro [Don Pio] Pérez Lugín,Ernest Hemingway,"El torero artista, Rafael Gómez [Gallito]: Apuntes para la historia",1890
170,Camille Prévost,Ernest Hemingway,L'escrime et le duel,1891
171,Rush Medical College,Ernest Hemingway,"The Pulse: Rush Medical College, published annually by the sophomore class, vol. 2",1895
172,George Chittenden Benham,Gertrude Stein,A Year of Wreck : a true story,1880
173,Louisa May Alcott,Gertrude Stein,"Jo's boys, and how they turned out : a sequel to ""Litle men.""",1886
174,Frank Richard Stockton,Gertrude Stein,The Late Mrs. Null,1886
175,Omar Khayyam,Gertrude Stein,"The Rub__y_t of Omar Khayy_m, the astronomer-poet of Persia",1890
176,James Fenimore Cooper,Gertrude Stein,The Pilot : a tale of the sea,1885
177,Joseph Addison,Gertrude Stein,"Sir Roger de Coverley, consisting of the papers relating to Sir Roger which were originally published in the Spectator; with an introductory essay by John Habberton",1877
178,Ulysses S. Grant,Gertrude Stein,Personal Memoirs of U.S. Grant,1886
179,Francis Bacon,Gertrude Stein,Essays,1885
180,George Willis Cooke,Gertrude Stein,A Guide-book to the Poetic and Dramatic Works of Robert Browning,1891
181,[N.auth],Gertrude Stein,The Birthday Book of Wit and Humour,1894
182,Marie de Rabutin-Chantal Sévigné,Gertrude Stein,The Best Letters of Madame de Sévigné : edited with an introduction by Edward Playfair Anderson,1891
183,William Makepeace Thackeray,Gertrude Stein,The Complete Works,1884
184,Percy Bysshe Shelley,Gertrude Stein,The Prose Works of Percy Bysshe Shelley : from the original editions,1888
185,Charles Lamb,Gertrude Stein,Essays of Elia,1888
186,William Dean Howells,Gertrude Stein,The Coast of Bohemia,1893
187,Gustave Flaubert,Gertrude Stein,L'Education Sentimentale : histoire d'un jeune homme,1899
188,William Shakespeare,Gertrude Stein,Cymbeline,1868
189,William Shakespeare,Gertrude Stein,Antony and Cleopatra,1868
190,William Shakespeare,Gertrude Stein,Timon of Athens,1868
191,William Shakespeare,Gertrude Stein,Julius Caesar,1868
192,William Shakespeare,Gertrude Stein,Coriolanus,1868
193,William Shakespeare,Gertrude Stein,The Life and Death of King Richard II,1868
194,William Shakespeare,Gertrude Stein,King Henry V,1868
195,William Shakespeare,Gertrude Stein,King Henry IV,1868
196,William Shakespeare,Gertrude Stein,Troilus and Cressida,1868
197,William Shakespeare,Gertrude Stein,King John,1868
198,William Shakespeare,Gertrude Stein,The Winter's Tale,1868
199,William Shakespeare,Gertrude Stein,"Twelfth-Night, or, What You Will",1868
200,William Shakespeare,Gertrude Stein,All's Well That Ends Well,1868
201,William Shakespeare,Gertrude Stein,Measure for Measure,1868
202,Mary Eleanor Wilkins Freeman,Gertrude Stein,A New England Nun and other stories,1893
203,Rudyard Kipling,Gertrude Stein,"Soldiers Three : setting forth certain passages in the lives and adventures of Privates Terence Mulvaney, Stanley Ortheris, and John Learoyd, with other stories",1891
204,Wilkie Collins,Gertrude Stein,Man and Wife : a novel,1870
205,Dinah Maria Mulock Craik,Gertrude Stein,Young Mrs. Jardine,1879
206,Bret Harte,Gertrude Stein,Prose and Poetry,1872
207,Charlotte Brontë,Gertrude Stein,Villette,1853
208,Richard Brinsley Sheridan,Gertrude Stein,The Dramatic Works of the Right Honourable Richard Brinsley Sheridan,1869
209,Mrs. Oliphant,Gertrude Stein,Kirsteen : the story of a Scotch family seventy years ago,1891
210,George J. Whyte-Melville,Gertrude Stein,The White Rose,1868
211,Robert Louis Stevenson,Gertrude Stein,St. Ives : being the adventures of a French prisoner in England,1898
212,Robert Louis Stevenson,Gertrude Stein,"Catriona : a sequel to ""Kidnapped"" being memoirs of the further adventures of David Balfour at home and abroad",1893
213,Ouida,Gertrude Stein,Cecil Castlemaine's Gage and other novelettes,1872
214,Edward Eggleston,Gertrude Stein,The Faith Doctor,1892
215,William Dean Howells,Gertrude Stein,The Undiscovered Country,1883
216,Rudyard Kipling,Gertrude Stein,Captains Courageous : a story of the Grand Banks,1897
217,Charles James Lever,Gertrude Stein,A Day's Ride : a life's romance,1864
218,William Dean Howells,Gertrude Stein,The Rise of Silas Lapham,1886
219,Wilkie Collins,Gertrude Stein,Basil,1862
220,Mark Twain,Gertrude Stein,Pudd'nhead Wilson : a tale,1895
221,Edward Bulwer-Lytton,Gertrude Stein,"My Novel, or, Varieties in English Life",1852
222,Louisa May Alcott,Gertrude Stein,"Little Women : or, Meg, Jo, Beth, and Amy",1876
223,Charles James Lever,Gertrude Stein,Charles O'Malley : the Irish dragoon,1872
224,Kenneth Grahame,Gertrude Stein,The Golden Age,1898
225,Charles Darwin,Gertrude Stein,The Life and Letters of Charles Darwin,1889
226,James Fenimore Cooper,Gertrude Stein,The Red Rover : a tale,1894
227,James Fenimore Cooper,Gertrude Stein,"Satanstoe, or, The Littlepage Manuscripts : a tale of the colony",1895
228,Washington Irving,Gertrude Stein,"Bracebridge Hall, or, The Humorists : a medley",1861
229,Washington Irving,Gertrude Stein,"Astoria, or, Anecdotes of an enterprise beyond the Rocky Mountains",1860
230,Washington Irving,Gertrude Stein,The Crayon Miscellany,1861
231,Washington Irving,Gertrude Stein,Mahomet and His Successors,1861
232,Washington Irving,Gertrude Stein,Chronicle of the Conquest of Granada,1861
233,Washington Irving,Gertrude Stein,Life of George Washington,1861
234,Dante,Gertrude Stein,The Divine Comedy,1899
235,Charles Dickens,Gertrude Stein,Dombey and Son,1898
236,Charles Dickens,Gertrude Stein,Life and adventures of Nicholas Nickleby,1892
237,Charles Dickens,Gertrude Stein,Christmas Books,1892
238,Charles Dickens,Gertrude Stein,The Posthumous Papers of the Pickwick Club,1899
239,Benjamin Disraeli,Gertrude Stein,Lothair,1870
240,Benjamin Disraeli,Gertrude Stein,Venetia,1853
241,George Eliot,Gertrude Stein,Daniel Deronda,1887
242,George Eliot,Gertrude Stein,"Felix Holt, the radical",1887
243,George Eliot,Gertrude Stein,Middlemarch,1887
244,George Eliot,Gertrude Stein,Romola,1887
245,George Eliot,Gertrude Stein,Adam Bede,1887
246,George Eliot,Gertrude Stein,Complete Poems,1887
247,Jules Verne,Gertrude Stein,Tigers and Traitors,1893
248,Oliver Goldsmith,Gertrude Stein,The Vicar of Wakefield,1886
249,Oliver Goldsmith,Gertrude Stein,The Poems and Plays of Oliver Goldsmith,1889
250,Maria Edgeworth,Gertrude Stein,Helen,1896
251,John Adams,Gertrude Stein,The Works of John Adams,1856
252,Samuel Warren,Gertrude Stein,Works of Samuel Warren,1855
253,Horace Walpole,Gertrude Stein,Memoirs of the Reign of King George the Third,1894
254,Margaret Cavendish,Gertrude Stein,"The Lives of William Cavendishe, Duke of Newcastle, and of his wife, Margaret, Duchess of Newcastle",1872
255,Henry Mackenzie,Gertrude Stein,The Man of Feeling,1893
256,Sir Walter Raleigh,Gertrude Stein,"The last fight of the Revenge at sea : under the command of Sir Richard Grenville, on the 10-11th of September, 1591",1871
257,Thomas De Quincey,Gertrude Stein,Confessions of an English Opium-eater,1885
258,Henry Kingsley,Gertrude Stein,The Recollections of Geoffry Hamlyn,1859
259,Frederick Sleigh Roberts,Gertrude Stein,Forty-one years in India: from subaltern to commander-in-chief,1898
260,Hans Christian Andersen,Gertrude Stein,Danish Fairy Legends and Tales,1891
261,Henry Fielding,Gertrude Stein,A Voyage to Lisbon,1893
262,John Henry Newman,Gertrude Stein,Apologia pro vita sua : being a history of his religious opinions,1893
263,Ivan Turgenev,Gertrude Stein,Rudin : a novel,1894
264,Ivan Turgenev,Gertrude Stein,On the Eve : a novel,1895
265,Ivan Turgenev,Gertrude Stein,Fathers and Children : a novel,1895
266,Ivan Turgenev,Gertrude Stein,Virgin Soil : a novel,1896
267,Ivan Turgenev,Gertrude Stein,Smoke : a novel,1896
268,Ivan Turgenev,Gertrude Stein,A Lear of the Steppes and other stories,1898
269,Ivan Turgenev,Gertrude Stein,"Dream tales, and Prose Poems",1897
270,Ivan Turgenev,Gertrude Stein,A Sportsman's Sketches,1895
271,Richard Cobbold,Gertrude Stein,"The History of Margaret Catchpole, a Suffolk girl",1877
272,Charles E. Craddock,Gertrude Stein,Where the Battle was fought : a novel,1884
273,Jane Austen,Gertrude Stein,Mansfield Park,1897
274,Jane Austen,Gertrude Stein,Northanger Abbey and Persuasion,1897
275,Jane Austen,Gertrude Stein,Pride and Prejudice,1895
276,Jane Austen,Gertrude Stein,Sense and Sensibility,1896
277,Jane Austen,Gertrude Stein,Emma,1896
278,Daniel Defoe,Gertrude Stein,The novels and miscellaneous works of Daniel Defoe,1854
279,Thomas Carlyle,Gertrude Stein,Wilhelm Meister's apprenticeship and travels,1899
280,Daniel Defoe,Gertrude Stein,The Novels and Miscellaneous Works of Daniel Defoe,1882
281,Robert Southey,Gertrude Stein,"A Love Story : a fragment from ""The doctor,"" etc.",1853
282,Mrs. Humphry Ward,Gertrude Stein,Marcella,1895
283,Jean Ingelow,Gertrude Stein,Sarah de Berenger,1881
284,Charlotte M. Yonge,Gertrude Stein,More Bywords,1890
285,[N.auth],Gertrude Stein,The New Testament,1850
286,Asa Gray,Gertrude Stein,Manual of the Botany of the Northern United States : including the district east of the Mississippi and north of North Carolina and Tennessee,1889
287,James J. Morier,Gertrude Stein,The Adventures of Hajji Baba of Ispahan,1895
288,Frank W. Chandler,Gertrude Stein,Romances of Roguery : an episode in the history of the novel in two parts,1899
289,Frank T. Bullen,Gertrude Stein,The Cruise of the Cachalot : round the world after sperm whales,1899
290,Gilbert Abbott À Beckett,Gertrude Stein,The Comic History of Rome,1852
291,Thomas Hughes,Gertrude Stein,School days at Rugby : by an old boy,1857
292,Winfield Scott,Gertrude Stein,"Memoirs of Lieut.-General Scott, LL.D : written by himself",1864
293,Pu Songling,Gertrude Stein,Strange Stories from a Chinese Studio : translated and annotated by Herbert A. Giles,1880
294,Josiah Flynt,Gertrude Stein,Tramping with tramps : studies and sketches of vagabond life,1899
295,Edmund Burke,Gertrude Stein,Burke : select works,1887
296,Miguel de Cervantes Saavedra,Gertrude Stein,The History of the Valorous and Witty Knight-errant Don Quixote of the Mancha,1895
297,Jean Froissart,Gertrude Stein,"Chronicles of England, France, Spain, and the adjoining countries, from the latter part of the reign of Edward II to the coronation of Henry IV",1868
298,David Macrae,Gertrude Stein,"The Americans at home : pen-and-ink sketches of American men, manners, and institutions",1879
299,Theodore Watts-Dunton,Gertrude Stein,Aylwin,1898
300,John Brown,Gertrude Stein,Spare Hours,1866
301,Lucian,Gertrude Stein,Trips to the Moon,1887
302,Lionel J. Trotter,Gertrude Stein,"The Life of John Nicholson, Soldier and Administrator : based on private and hitherto unpublished documents",1897
303,Grace Aguilar,Gertrude Stein,Home Influence : a tale for mothers and daughters,1854
304,Selden Lincoln Whitcomb,Gertrude Stein,Chronological Outlines of American Literature,1894
305,Robert Burns,Gertrude Stein,The Letters of Robert Burns,1887
306,Anna Letitia Le Breton,Gertrude Stein,Memories of Seventy Years by One of a Literary Family,1884
307,Edward P. Roe,Gertrude Stein,A Young Girl's Wooing,1884
308,Charles Rowcroft,Gertrude Stein,"Tales of the Colonies, or, The Adventures of an Emigrant",1887
309,Frank Moore,Gertrude Stein,The Civil War in Song and Story : 1860-1865,1889
310,Mary Russell Mitford,Gertrude Stein,Country Stories,1875
311,James Riley,Gertrude Stein,"An authentic narrative of the loss of the American brig Commerce, wrecked on the western coast of Africa, in the month of August, 1815, with an account of the sufferings of the surviving officers and crew, who were enslaved by the wandering Arabs, on the African desart, or Zahahrah; and observations historical, geographical, &c. made during the travels of the author, while a slave to the Arabs, and in the empire of Morocco",1859
312,Euripides,Gertrude Stein,The Bacchanals and Other Plays,1888
313,Wilhelm Meinhold,Gertrude Stein,The Amber Witch : translated from the German by Lady Duff Gordon,1893
314,Grace Aguilar,Gertrude Stein,The Mother's Recompense : a sequel to Home Influence,1859
315,Susan Ferrier,Gertrude Stein,Marriage,1894
316,William H. Prescott,Gertrude Stein,History of the Conquest of Peru : with a preliminary view of the civilization of the Incas,1858
317,Arthur Young,Gertrude Stein,Autobiography of Arthur Young : with selections from his correspondence,1898
318,Friedrich von Schlegel,Gertrude Stein,"The Philosophy of History, in a course of lectures delivered at Vienna",1852
319,Constance Fenimore Woolson,Gertrude Stein,Horace Chase : a novel,1894
320,Constance Fenimore Woolson,Gertrude Stein,Castle Nowhere : lake-country sketches,1899
321,Constance Fenimore Woolson,Gertrude Stein,Rodman the Keeper : southern sketches,1899
322,Constance Fenimore Woolson,Gertrude Stein,The Front Yard and other Italian Stories,1895
323,Constance Fenimore Woolson,Gertrude Stein,Dorothy and Other Italian Stories,1899
324,Constance Fenimore Woolson,Gertrude Stein,East Angels : a novel,1889
325,Harriet Beecher Stowe,Gertrude Stein,"Lady Byron Vindicated : A history of the Byron controversy, from its beginning in 1816 to the present time",1870
326,Frank Richard Stockton,Gertrude Stein,The Girl at Cobhurst,1898
327,Frank Richard Stockton,Gertrude Stein,Ardis Claverden,1890
328,Frank Richard Stockton,Gertrude Stein,The Adventures of Captain Horn,1895
329,Thomas Nelson Page,Gertrude Stein,Red Rock : a chronicle of reconstruction,1898
330,William Dean Howells,Gertrude Stein,The World of Chance : a novel,1893
331,William Dean Howells,Gertrude Stein,Their Wedding Journey,1883
332,Anthony Trollope,Gertrude Stein,Ralph the Heir,1871
333,Anthony Trollope,Gertrude Stein,Marion Fay. : a novel,1882
334,Anthony Trollope,Gertrude Stein,Dr. Wortle's School : a novel,1881
335,Anthony Trollope,Gertrude Stein,Lady Anna,1879
336,Anthony Trollope,Gertrude Stein,Harry Heathcote of Gangoil : A tale of Australian bush life,1874
337,Anthony Trollope,Gertrude Stein,The American Senator,1877
338,Anthony Trollope,Gertrude Stein,Alice Dugdale and Other Stories,1883
339,Anthony Trollope,Gertrude Stein,The West Indies and the Spanish Main,1860
340,Anthony Trollope,Gertrude Stein,The Belton Estate,1866
341,Anthony Trollope,Gertrude Stein,The Vicar of Bullhampton,1870
342,Anthony Trollope,Gertrude Stein,Is he Popenjoy? : a novel,1878
343,Anthony Trollope,Gertrude Stein,The Fixed Period : a novel,1882
344,Anthony Trollope,Gertrude Stein,Frau Frohmann and Other Stories,1883
345,Anthony Trollope,Gertrude Stein,La Mère Bauche and Other Stories,1883
346,Anthony Trollope,Gertrude Stein,Kept in the Dark : a novel,1882
347,Anthony Trollope,Gertrude Stein,An Old Man's Love,1884
348,Anthony Trollope,Gertrude Stein,An Autobiography,1883
349,Anthony Trollope,Gertrude Stein,The Mistletoe Bough and Other Stories,1883
350,Anthony Trollope,Gertrude Stein,Sir Harry Hotspur of Humblethwaite,1871
351,Anthony Trollope,Gertrude Stein,An Eye for an Eye,1879
352,Anthony Trollope,Gertrude Stein,The Claverings,1867
353,Anthony Trollope,Gertrude Stein,The Golden Lion of Granpere,1872
354,Anthony Trollope,Gertrude Stein,Australia and New Zealand,1873
355,Anthony Trollope,Gertrude Stein,Ayala's Angel,1881
356,Anthony Trollope,Gertrude Stein,The Way We Live Now,1875
357,Anthony Trollope,Gertrude Stein,North America,1862
358,Anthony Trollope,Gertrude Stein,The Duke's Children : a novel,1880
359,Anthony Trollope,Gertrude Stein,"Phineas Finn, the Irish Member",1869
360,Anthony Trollope,Gertrude Stein,He Knew He was Right,1869
361,Anthony Trollope,Gertrude Stein,Can You Forgive Her?,1865
362,Anthony Trollope,Gertrude Stein,The Last Chronicle of Barset,1867
363,Anthony Trollope,Gertrude Stein,The Prime Minister,1876
364,Oliver Wendell Holmes,Gertrude Stein,The Guardian Angel,1893
365,Oliver Wendell Holmes,Gertrude Stein,Elsie Venner : a romance of destiny,1893
366,Oliver Wendell Holmes,Gertrude Stein,A Mortal Antipathy : first opening of the new portfolio,1891
367,Joel Chandler Harris,Gertrude Stein,Uncle Remus : his songs and his sayings,1896
368,Finley Peter Dunne,Gertrude Stein,Mr. Dooley in Peace and in War,1898
369,Finley Peter Dunne,Gertrude Stein,Mr. Dooley in the Hearts of his Countrymen,1899
370,F. Marion Crawford,Gertrude Stein,A Roman Singer,1886
371,Mark Twain,Gertrude Stein,The Prince and the Pauper : a tale for young people of all ages,1882
372,Mark Twain,Gertrude Stein,The Adventures of Huckleberry Finn : Tom Sawyer's comrade,1888
373,Mark Twain,Gertrude Stein,"Sketches, New and Old",1893
374,Mark Twain,Gertrude Stein,Roughing It,1875
375,Mark Twain,Gertrude Stein,The Gilded Age : a tale of to-day,1874
376,Frances H. Burnett,Gertrude Stein,In Connection with the De Willoughby Claim,1899
377,Gertrude Atherton,Gertrude Stein,The Californians,1898
378,Louisa May Alcott,Gertrude Stein,Rose in Bloom : a sequel to Eight cousins,1893
379,Samuel Pepys,Gertrude Stein,"Diary and correspondence of Samuel Pepys, F.R.S., secretary to the admiralty in the reign of Charles II and James II",1887
380,George Moore,Gertrude Stein,Esther Waters : a novel,1894
381,George Moore,Gertrude Stein,Impressions and Opinions,1891
382,Charles Lamb,Gertrude Stein,The Last Essay of Elia,1888
383,Rudyard Kipling,Gertrude Stein,Soldiers Three : The story of the Gadsbys,1899
384,Rudyard Kipling,Gertrude Stein,Plain Tales from the Hills,1899
385,Rudyard Kipling,Gertrude Stein,Under the Deodars,1899
386,Rudyard Kipling,Gertrude Stein,Ballads and Barrack-room Ballads,1899
387,Rudyard Kipling,Gertrude Stein,The Light that Failed,1899
388,Rudyard Kipling,Gertrude Stein,Life's Handicap : being stories of mine own people,1899
389,Rudyard Kipling,Gertrude Stein,The Jungle Book,1896
390,Samuel Johnson,Gertrude Stein,"The Letters of Samuel Johnson, LL.D.",1892
391,Anthony Trollope,Gertrude Stein,The Eustace Diamonds : in three volumes,1873
392,Anthony Trollope,Gertrude Stein,Phineas Redux,1874
393,Jonathan Swift,Gertrude Stein,The Tale of a Tub and Other Works,1889
394,Robert Louis Stevenson,Gertrude Stein,The Wrecker,1892
395,Robert Louis Stevenson,Gertrude Stein,New Arabian Nights,1890
396,Alain René Le Sage,Gertrude Stein,The Adventures of Gil Blas of Santillane,1893
397,Tobias Smollett,Gertrude Stein,The Works of Tobias Smollett,1895
398,Edward John Trelawny,Gertrude Stein,"Records of Shelley, Byron, and the Author",1887
399,Sir Walter Scott,Gertrude Stein,The Waverley Novels,1892
400,Samuel Richardson,Gertrude Stein,"Clarissa, or, The history of a young lady comprehending the most important concerns of private life ; and particularly shewing the distresses that may attend the misconduct both of parents and children, in relation to marriage",1862
401,Fanny Burney,Gertrude Stein,The Diary and Letters of Madame D'Arblay,1890
402,Charlotte Brontë,Gertrude Stein,Jane Eyre,1873
403,George Borrow,Gertrude Stein,"The Bible in Spain, or, The journeys, adventures, and imprisonments of an Englishman, in an attempt to circulate the Scriptures in the peninsula",1899
404,Lyof Nikolaivitch Tolstoi,Gertrude Stein,Sevastopol,1888
405,Henryk Sienkiewicz,Gertrude Stein,With Fire and Sword : An historical novel of Poland and Russia,1898
406,Henryk Sienkiewicz,Gertrude Stein,"The Deluge : an historical novel of Poland, Sweden, and Russia",1899
407,Henryk Sienkiewicz,Gertrude Stein,"Pan Michael : an historical novel of Poland, the Ukraine, and Turkey",1899
408,Vladimir Korolenko,Gertrude Stein,The Vagrant and Other Tales,1887
409,Nikola_ Gogol_,Gertrude Stein,St. John's Eve and Other Stories,1886
410,Aleksandr Pushkin,Gertrude Stein,The Prose Tales of Alexander Pushkin,1894
411,Fyodor Dostoyevsky,Gertrude Stein,Poor Folk,1894
412,Erckmann-Chatrian,Gertrude Stein,"Daniel Rock, the Blacksmith",1879
413,Thomas Carlyle,Gertrude Stein,Sartor Resartus,1889
414,Thomas Carlyle,Gertrude Stein,Lectures on the History of Literature,1892
415,Thomas Carlyle,Gertrude Stein,The Life of Friedrich Schiller : comprehending an examination of his works,1885
416,Thomas Carlyle,Gertrude Stein,Past and Present : The portraits of John Knox,1885
417,Thomas Carlyle,Gertrude Stein,Oliver Cromwell's Letters and Speeches,1885
418,Jules Verne,Gertrude Stein,"The Survivors of the Chancellor : diary of J.R. Kazallon, passenger",1894
419,Jules Verne,Gertrude Stein,Burbank the Northerner,1891
420,George Sand,Gertrude Stein,Histoire de ma vie,1856
421,George Sand,Gertrude Stein,The Devil's Pool,1895
422,Victor Hugo,Gertrude Stein,Toilers of the Sea,1866
423,Georges Jacques Maurice Pellissier,Gertrude Stein,Le mouvement littéraire au XIXe siècle,1895
424,Stendhal,Gertrude Stein,Histoire de la peinture en Italie,1892
425,Marie de Rabutin-Chantal Sévigné,Gertrude Stein,The Best Letters of Madame de Sévigné,1891
426,Michel de Montaigne,Gertrude Stein,"The Essays of Michael, Lord of Montaigne",1898
427,Honoré de Balzac,Gertrude Stein,Seraphita,1897
428,Honoré de Balzac,Gertrude Stein,About Catherine de' Medici,1897
429,Honoré de Balzac,Gertrude Stein,Lost Illusions,1897
430,Honoré de Balzac,Gertrude Stein,Parisians in the Country,1898
431,Honoré de Balzac,Gertrude Stein,The Thirteen,1898
432,Honoré de Balzac,Gertrude Stein,A Princess's Secrets,1898
433,Honoré de Balzac,Gertrude Stein,A Father's Curse and Other Stories,1898
434,Honoré de Balzac,Gertrude Stein,A Gondreville Mystery,1898
435,Honoré de Balzac,Gertrude Stein,The Jealousies of a Country Town,1898
436,Honoré de Balzac,Gertrude Stein,The Member for Arcis,1898
437,Honoré de Balzac,Gertrude Stein,The Middle Classes,1897
438,Honoré de Balzac,Gertrude Stein,The Droll Stories of Honoré de Balzac,1874
439,Honoré de Balzac,Gertrude Stein,The Seamy Side of History,1897
440,Honoré de Balzac,Gertrude Stein,The Unconscious Mummers and Other Stories,1897
441,Honoré de Balzac,Gertrude Stein,A Marriage Settlement and Other Stories,1897
442,Honoré de Balzac,Gertrude Stein,Cousin Pons,1897
443,Honoré de Balzac,Gertrude Stein,A Distinguished Provincial at Paris,1897
444,Honoré de Balzac,Gertrude Stein,A Woman of Thirty,1897
445,Honoré de Balzac,Gertrude Stein,The Lily of the Valley,1897
446,Honoré de Balzac,Gertrude Stein,The Unknown Masterpiece,1896
447,Honoré de Balzac,Gertrude Stein,Cousin Betty,1897
448,Honoré de Balzac,Gertrude Stein,The Chouans,1896
449,Honoré de Balzac,Gertrude Stein,The Atheist's Mass and Other Stories,1896
450,Honoré de Balzac,Gertrude Stein,The Country Parson,1896
451,Honoré de Balzac,Gertrude Stein,The Rise and Fall of César Birotteau,1896
452,Honoré de Balzac,Gertrude Stein,The Peasantry,1896
453,Honoré de Balzac,Gertrude Stein,Béatrix,1896
454,Honoré de Balzac,Gertrude Stein,Modeste Mignon,1896
455,Honoré de Balzac,Gertrude Stein,A Harlot's Progress,1896
456,Honoré de Balzac,Gertrude Stein,Pierrette and the abbé Birotteau,1896
457,Honoré de Balzac,Gertrude Stein,La Grande Bretêche and Other Stories,1896
458,Honoré de Balzac,Gertrude Stein,Ursule Mirouët,1895
